frame,time,text,emotion,objects
368,16.0,向,疑問語調,[]
391,17.0,Doloris,憤怒語調,[]
414,18.0,R ,憤怒語調,[]
483,21.0,Doloris,憤怒語調,['person']
529,23.0,"來吧,甦醒之夜到來了",平淡語氣,[]
552,24.0,"來吧,甦醒之夜到來了",平淡語氣,[]
598,26.0,需不需要我把她叫醒?,疑問語調,"['person', 'person']"
621,27.0,需不需要我把她叫醒?,疑問語調,"['person', 'person']"
644,28.0,硬是叫醒她,憤怒語調,"['person', 'person']"
667,29.0,可能會導致靈魂毀壞,平淡語氣,"['person', 'person']"
690,30.0,可能會導致靈魂毀壞,平淡語氣,"['person', 'person']"
713,31.0,姊姊大人,憤怒語調,[]
736,32.0,姊姊大人,憤怒語調,[]
759,33.0,"不用擔心,月光會將她喚醒",關切語調,[]
782,34.0,"不用擔心,月光會將她喚醒",關切語調,[]
805,35.0,"不用擔心,月光會將她喚醒",關切語調,[]
851,37.0,被黑影吞噬的月亮重燃生機,憤怒語調,[]
874,38.0,被黑影吞噬的月亮重燃生機,憤怒語調,[]
897,39.0,被黑影吞噬的月亮重燃生機,憤怒語調,[]
943,41.0,可憐的火偶,厭惡語調,[]
966,42.0,可憐的犬偶,憤怒語調,[]
989,43.0,再次被賦予了短暫的生命,平淡語氣,[]
1012,44.0,再次被賦予了短暫的生命,平淡語氣,[]
1035,45.0,再次被賦予了短暫的生命,平淡語氣,[]
1196,52.0,=1{-,憤怒語調,[]
1219,53.0,13 1{3hi,憤怒語調,[]
1242,54.0,='8 1f囂hei,憤怒語調,[]
1311,57.0,_ 711,憤怒語調,[]
1541,67.0,就讓我們開始吧,關切語調,"['person', 'person', 'person', 'person']"
1564,68.0,就讓我們開始吧,關切語調,"['person', 'person', 'person', 'person', 'person']"
1587,69.0,夜的面具舞曾,平淡語氣,[]
1610,70.0,今夜的面具舞曾,平淡語氣,[]
1932,84.0,1-5=5:_,憤怒語調,[]
1955,85.0,),憤怒語調,[]
2484,108.0,在擺弄下流淌而出的無聲之音,悲傷語調,"['dog', 'person']"
2507,109.0,在擺弄下流淌而出的無聲之音,悲傷語調,[]
2530,110.0,在擺弄下流淌而出的無聲之音,悲傷語調,[]
2553,111.0,在擺弄下流淌而出的無聲之音,悲傷語調,['vase']
2576,112.0,在擺弄下流淌而出的無聲之音,悲傷語調,[]
2599,113.0,皂捨棄宁切名字,憤怒語調,[]
2622,114.0,你的模糊身影正在哭泣,悲傷語調,[]
2645,115.0,你的模糊身影正在奘泣,悲傷語調,['person']
2668,116.0,3 你的模糊身影正在哭泣,悲傷語調,[]
2691,117.0,你的模糊身影正在哭泣,悲傷語調,[]
2714,118.0,"can not can not,not not not deny miiiit",疑問語調,[]
2737,119.0,can not cannot not not not deny,疑問語調,[]
2760,120.0,耄無疑問的真實,悲傷語調,[]
2783,121.0,耄無疑問的真實,悲傷語調,[]
2806,122.0,耄無疑問的真實,悲傷語調,[]
2852,124.0,"來咆,`委身於我",關切語調,[]
2875,125.0,有如回歸初始般,疑問語調,[]
2898,126.0,有如回歸初始般,疑問語調,[]
2921,127.0,有如回歸初始般,疑問語調,[]
2944,128.0,能量正在循環,平淡語氣,[]
2967,129.0,能量正在循環,平淡語氣,[]
2990,130.0,能量正在循環,平淡語氣,[]
3013,131.0,"沒錯,此刻處於無重力",平淡語氣,[]
3036,132.0,"沒錯,此刻處於無重力",平淡語氣,['parking meter']
3059,133.0,"沒錯,此刻處於無重力",平淡語氣,[]
3082,134.0,象徵性的遊行,平淡語氣,[]
3105,135.0,象徵性的遊行,平淡語氣,[]
3128,136.0,象徵性的遊行,平淡語氣,[]
3151,137.0,=ol 象徵性的遊行,平淡語氣,[]
3174,138.0,在這月夜中抬頭仰望吧,關切語調,['person']
3197,139.0,在這月夜中抬頭仰望吧,關切語調,['person']
3220,140.0,在這月夜中抬頭仰望吧,關切語調,[]
3243,141.0,在這月夜中抬頭仰望吧,關切語調,['person']
3266,142.0,completeness,疑問語調,"['person', 'person']"
3289,143.0,(completeness',疑問語調,[]
3312,144.0,"吋啊,高舉生命的燈火",憤怒語調,[]
3335,145.0,啊啊 高舉生命的燈泌,憤怒語調,[]
3358,146.0,"啊啊,高舉生命的燈火",驚奇語調,[]
3381,147.0,"啊啊,高舉生命的燈火",驚奇語調,[]
3404,148.0,KiLLKissiudy KiLLKiSSfudu KLLKiSSfuda,憤怒語調,[]
3427,149.0,"K征TKiSSfudyK征TKiSSfud@, KiTTKisSfuda",憤怒語調,[]
3450,150.0,o KiTTKiSS fudy KiLLKisS iudu KiLLKissiuda,憤怒語調,[]
3473,151.0,.磁樊歟嚼,憤怒語調,[]
3496,152.0,KiLLKiSs hudy KLLKisS iudu. KLLKiSSiuda,憤怒語調,['person']
3519,153.0,"KiLLKiSs fmdy KiLLKissfudu, KiLLKiSSiuda",疑問語調,['person']
3542,154.0,KiLLKissfudy KiiKisSiudn  KTKKiSSiuda,憤怒語調,['person']
3565,155.0,KiLLKiSsfudy KiLLKissjudu KTLKiSSiuda,憤怒語調,[]
3588,156.0,緊棨擁抱,悲傷語調,[]
3611,157.0, 繁緊擁抱,平淡語氣,[]
3634,158.0,萁是耄無防備啊,憤怒語調,[]
3657,159.0,真是毫無防備啊,驚奇語調,[]
3680,160.0,在這美麗的遊戲中,驚奇語調,[]
3703,161.0,在這美麗的遊戲中,驚奇語調,[]
3726,162.0,人們開始逐漸崩壞,悲傷語調,[]
3749,163.0,人們開始逐漸崩壞,悲傷語調,[]
3772,164.0,們開始逐漸崩壞,平淡語氣,[]
3795,165.0,人們開始逐漸崩壞,悲傷語調,[]
3818,166.0,多麼可笑啊,驚奇語調,[]
3841,167.0,多麼耐笑啊,開心語調,[]
4002,174.0,/,憤怒語調,"['chair', 'person', 'person']"
4094,178.0,"Icuz were all alone, alone",疑問語調,['person']
4117,179.0, cuz were all alone. alone,疑問語調,['person']
4140,180.0,Cuz were all alone alone,疑問語調,['person']
4163,181.0,C? were alone alome al,疑問語調,['person']
4186,182.0,cuz were all alone alone,疑問語調,['person']
4209,183.0,若緊咬牙關仍感覺到痛楚,悲傷語調,['person']
4232,184.0,若繁咬牙關仍感覺到痛楚,悲傷語調,['person']
4255,185.0,若繁咬牙關仿感覺到痛楚,悲傷語調,['person']
4278,186.0,若緊咬牙關仍感覺到痛楚,悲傷語調,['person']
4301,187.0,若緊咬牙蘭仍感覺到痛楚,悲傷語調,"['person', 'tennis racket']"
4324,188.0,就舉起手,平淡語氣,[]
4347,189.0,就舉起手,平淡語氣,[]
4370,190.0,就舉起手,平淡語氣,[]
4393,191.0,就舉起手,平淡語氣,[]
4416,192.0,就舉起手,平淡語氣,[]
4439,193.0,乞求吧,憤怒語調,[]
4462,194.0,乞求吧,憤怒語調,[]
4485,195.0,乞求吧,憤怒語調,[]
4508,196.0,乞求吧,憤怒語調,['person']
4531,197.0,oh when you bleed,憤怒語調,['person']
4554,198.0,將你的影子延伸至行星吧,平淡語氣,"['person', 'person']"
4577,199.0,將你的影子延伸至行星吧,平淡語氣,['person']
4600,200.0,將你的影子延伸至行星吧,平淡語氣,[]
4623,201.0,將你的影子延伸至行星吧,平淡語氣,[]
4646,202.0,"吶,我的世界正渴望知道答案啊,來吧",驚奇語調,[]
4669,203.0,"吶,戕的世界正渴望知道答案啊,來吧",驚奇語調,[]
4692,204.0,"吶,戕的世界正渴望知道答案啊,來吧",驚奇語調,[]
4715,205.0,"吶,我的世界正渴望知道答案啊,來吧",驚奇語調,[]
4738,206.0,"吶,我的世界正渴望知道答案啊,來吧",驚奇語調,[]
4761,207.0,"吶,我的世界正渴望知道答案啊;來咆",憤怒語調,[]
4784,208.0," 吶,我的世界正渴望知道答案啊,來吧",驚奇語調,[]
4807,209.0,you bleed ves bleed,疑問語調,['person']
4830,210.0,you bleed yes bleed,疑問語調,['person']
4853,211.0,若能廂那血液重新改寫空中的五線譜,悲傷語調,[]
4876,212.0,若能用那血液重新改寫空中的五線譜,疑問語調,[]
4899,213.0,若能用那血液重新改寫空中的五線譜,疑問語調,['person']
4922,214.0,若能用那血液重新改寫空中的五線譜,疑問語調,['person']
4945,215.0,若能用那血液重新改寫空中的五線譜,疑問語調,"['person', 'person']"
4968,216.0,若能用那血液重薪改寫空中的五線譜,疑問語調,['person']
4991,217.0,"#1!yi! 笠""萌並",開心語調,[]
5014,218.0,code KiLLKiSS' uh.oo,憤怒語調,[]
5037,219.0,code KiLLKiSs' uh.o9,憤怒語調,[]
5060,220.0,KiLLKissfudy KiLLKissfudu 9 KiLLKiSSjuda,憤怒語調,['person']
5083,221.0,KTLKiSSiudy KiLLKiss fudu KiLLKisSiuda,憤怒語調,[]
5106,222.0,KiLLKiss hudy KirLKissiud@ KLLKiSSiuda,憤怒語調,['person']
5129,223.0,KiTMiSSiudy KiLLKisSiudu KLLKiSSiuda,憤怒語調,[]
5175,225.0,KiLLKiSS judy KiLLKiss fudu KiLLKissjuda,憤怒語調,['person']
5198,226.0,KiLLKiss iudy KiLLKisShudu KiLLKiSSiuda,憤怒語調,[]
5221,227.0,KiLLKiSs judy KiLLKiSSfudu $ KiLLKissfuda,憤怒語調,[]
5244,228.0,1 KiLLKiss iudy KLLKisSjudu KiLLKissiuda,憤怒語調,[]
5267,229.0,緊緊擁抱,平淡語氣,"['person', 'person']"
5290,230.0,"吶,真足再明顯不過",憤怒語調,[]
5313,231.0,"吶,真是再明顯不過",驚奇語調,[]
5336,232.0,"吶,真是再明顯不過",驚奇語調,[]
5359,233.0,在這醜陋的終局中,悲傷語調,['person']
5382,234.0,在這醜陋的終局中,悲傷語調,[]
5405,235.0,一切都將送淋改變,悲傷語調,[]
5428,236.0,一切都將逐漸改變,平淡語氣,[]
5451,237.0,一切都將送瀚改繆,憤怒語調,[]
5474,238.0,多麼虛幻啊,驚奇語調,[]
5497,239.0,多麼虛幻啊,驚奇語調,[]
5520,240.0,多麼虛幻啊,驚奇語調,[]
5589,243.0,"沒錯,就這麼毀壞吧",平淡語氣,[]
5612,244.0,"沒錯,就這麼毀壞吧",平淡語氣,[]
5635,245.0,"沒錯,就這麼毀壞吧",平淡語氣,[]
5658,246.0,"沒錯,就這麼毀壞吧",平淡語氣,['vase']
5681,247.0,"沒錯,就這麼毀壞吧",平淡語氣,[]
5704,248.0,"沒錯,就這麼毀壞吧",平淡語氣,[]
5727,249.0,"沒錯,就這麼毀壞吧",平淡語氣,[]
5750,250.0,"沒錯,就這麼毀壞吧",平淡語氣,['bus']
5773,251.0,沒錯 9 就這麼毀壞吧,疑問語調,[]
5796,252.0,沒錯 就這麼毀壞吧,平淡語氣,[]
5819,253.0,"沒錯,就這麼毀壞吧",平淡語氣,[]
5957,259.0, 一,憤怒語調,[]
6072,264.0,_ 11 土`,疑問語調,[]
6095,265.0,11 11111=,憤怒語調,[]
6118,266.0,_ #{=,憤怒語調,[]
6141,267.0,接下來各位觀眾即將觀賞的,平淡語氣,[]
6164,268.0,接下來各位觀眾即將觀賞的,平淡語氣,[]
6233,271.0,是懷抱著祕密的,疑問語調,[]
6256,272.0,是懷抱著祕密的,疑問語調,[]
6279,273.0,屬於她的故事,悲傷語調,[]
6302,274.0,屬於她的故事,悲傷語調,[]
6325,275.0,耄,疑問語調,[]
6417,279.0,ai 再五分鐘就要接受採訪了,平淡語氣,[]
6440,280.0,再五分鐘就要接受採訪了,平淡語氣,[]
6463,281.0,"慘了,得快點補妝",關切語調,[]
6486,282.0,"慘了,得快點補妝",關切語調,[]
6509,283.0,"櫨 慘了,得快點補妝",關切語調,['bottle']
6532,284.0,不是會用面具遮住臉部嗎,平淡語氣,[]
6555,285.0,不是曾用面具遮住臉部嗎,平淡語氣,['bottle']
6578,286.0,歪JV 芋佐義犬 矢田部行庸 就算看不到我也不偷工減料啦 枇浦裕曉,憤怒語調,['person']
6601,287.0,歪JH= 芋佐義大 矢田部行庸 就算看不到我也不偷工減料啦 枇浦裕曉,憤怒語調,['person']
6624,288.0,往ai 芋佐義犬 矢田部行庸 就算看不到我也不偷工減料啦 枇浦裕曉,憤怒語調,['person']
6647,289.0,l 丑 生2 矢田布僱 海子也不想看到偷二減料的 Nyamuchi吧? 油.亦,憤怒語調,['umbrella']
6670,290.0, 宇佐義 矢田部 海子也不想看到偷二減料的 Nyamuchi吧? 消|抬,憤怒語調,[]
6693,291.0,乎佐 矢日部祛 海子也不想看到偷工減料的 Nyamuchi吧? 枇`淮 裕,憤怒語調,['teddy bear']
6716,292.0,"睦,採訪時間到了",平淡語氣,[]
6739,293.0,"9`- 睦,採訪時間到了",平淡語氣,[]
6808,296.0,我們先走 ~`55.,平淡語氣,[]
6831,297.0,我們先走了,平淡語氣,['person']
6854,298.0, 等一下等=卞,憤怒語調,"['bed', 'chair']"
6877,299.0,我要補妝啦,平淡語氣,['chair']
6900,300.0,我要補妝啦,平淡語氣,"['chair', 'sink']"
6923,301.0,我們的使命,平淡語氣,[]
6946,302.0,我們的使命,平淡語氣,[]
6969,303.0,是讓觀眾們體驗夢境,平淡語氣,[]
6992,304.0, 是讓觀眾們體驗夢境,平淡語氣,[]
7015,305.0,是讓觀眾們體驗夢境,平淡語氣,['person']
7038,306.0,_ 次武道館演出時,驚奇語調,[]
7061,307.0,山 下次武道館演出時,憤怒語調,[]
7084,308.0,若各位也願意迷失於 Ave Mujica的世界,悲傷語調,[]
7107,309.0,山 若各位也願意迷失於 Ave Mujica的世界,悲傷語調,[]
7130,310.0,山 若各位也願意迷失於 Ave Mujica的世界,悲傷語調,[]
7153,311.0,_ 那路是我們的無上喜悅,悲傷語調,[]
7176,312.0,_ 那路是我們的無上喜悅,悲傷語調,[]
7199,313.0,CCDo~ 能站上武道館真的好棒喔,開心語調,[]
7222,314.0,能站上武道館真的好棒喔,開心語調,['person']
7245,315.0,D 畢竟我們也才剛出道不久,平淡語氣,['person']
7268,316.0,畢竟我們也才剛出道不久,平淡語氣,[]
7291,317.0,記得要強調是史上最快喔,關切語調,[]
7314,318.0,記得要強調是史上最快喔,關切語調,[]
7337,319.0,記得要強調是史上最快喔,關切語調,[]
7360,320.0,記得要強調是史上最快喔,關切語調,[]
7383,321.0,好的,平淡語氣,[]
7406,322.0,Mortis小姐有什麼感想呢?,疑問語調,"['person', 'person']"
7429,323.0,Mortis小姐有什麼感想呢?,疑問語調,"['person', 'person']"
7521,327.0,我,疑問語調,"['person', 'person', 'person', 'person']"
7613,331.0,如妳所,疑問語調,[]
7636,332.0,Mortis的個性有些內向,憤怒語調,[]
7659,333.0,Mortis的個性有些內向,憤怒語調,[]
7682,334.0,Mortis的個性有些內向,憤怒語調,[]
7705,335.0,"Morfis,講=下今天的感言",開心語調,[]
7728,336.0,"Mortis,講=下今天的感言",憤怒語調,['person']
7774,338.0,謝謝妳的採訪,開心語調,[]
7797,339.0,謝謝妳的採訪,開心語調,[]
7843,341.0,祝夜晚愉快,開心語調,['person']
7866,342.0,劇照出爐要馬上傳過來喔,平淡語氣,[]
7889,343.0,劇照出爐要馬上傳過來喔,平淡語氣,[]
7912,344.0,劇照出爐要馬上傳過來喔,平淡語氣,[]
7958,346.0,這樣總算全部...,疑問語調,[]
8004,348.0,在回休息室前先不要拿下來,關切語調,['motorcycle']
8027,349.0,在回休息室前先不要拿下來,關切語調,['motorcycle']
8050,350.0,在回休息室前先不要拿下來,關切語調,['motorcycle']
8073,351.0,難保不會有誰在偷看,平淡語氣,['tie']
8096,352.0,難保不會有誰在偷看 ,平淡語氣,[]
8142,354.0,妳怕會有人爆料嗎,疑問語調,[]
8165,355.0,Amoris的真寞身分竟然是那個 Nya...,憤怒語調,['scissors']
8188,356.0,Amori5的真貴身分竟然是那個 Nya..,憤怒語調,['scissors']
8211,357.0,Amoris,疑問語調,[]
8234,358.0,Amoris,疑問語調,['chair']
8257,359.0,(Elements Garden Elements Garden 玷宁:: y夕} 北泰紀 `%3-)==>,憤怒語調,[]
8280,360.0,(Eiements Garden (Elements Garden 飛{閘+l! 灘道我們以後都得一直戴著面具嗎,疑問語調,[]
8303,361.0,(Eiements Garden (Elements Garden 形{Ril買 灘道我們以後都得一直戴著面具嗎,疑問語調,[]
8326,362.0,laments Garden) (Elements Garden 吊決六::l功= l難道我們以後都得一直戴著面具嗎,憤怒語調,[]
8349,363.0,ments Garden) Eiements Garden $7=1:; 札) q難道我們以筱都得一直戴著面具嗎,疑問語調,[]
8372,364.0,難道我們以後都得一直戴著面具嗎,疑問語調,[]
8395,365.0,斗一 保住鼻* 這樣很糟蹋臉蛋和數字耶,憤怒語調,[]
8418,366.0,斗一 保住鼻* 這樣很糟蹋臉蛋和數字耶,憤怒語調,[]
8441,367.0,廿 保 住} 這樣很糟蹋臉蛋和數字耶,憤怒語調,['car']
8464,368.0,7=人-ygy制作 +>~`,憤怒語調,[]
8487,369.0,7=人-y口y制作 +V`` #.片,憤怒語調,['motorcycle']
8510,370.0,了=人-y旦y制柞 +``` Hi;#t,憤怒語調,[]
8533,371.0,了=x-y口y制柞 Sumimi的初華,憤怒語調,[]
8556,372.0,Sumimi的初華,憤怒語調,[]
8579,373.0,制作協力 況#策祂 荒升瑞杰 厭測=少 資深搞笑藝人若葉,憤怒語調,[]
8602,374.0,"制作協力 況柑冤過 荒升瑞7 厭澍="" 資深搞笑藝人若葉",憤怒語調,[]
8625,375.0,制作協力 況#冤過 荒4彊_ 炭和演技派女演員森美奈美的女兒,憤怒語調,[]
8648,376.0,制作協力 派 荒箍羌 炭和演技派女演員森美奈美的女兒,關切語調,[]
8671,377.0,只要摘下具 就能牢牢抓住大眾的眼先了喔?.,關切語調,[]
8694,378.0,只要摘下面具 就能牢牢抓住大眾的眼光了喔?,關切語調,[]
8717,379.0,只要摘下面具 就能牢牢抓住大眾的眼光了喔?,關切語調,[]
8740,380.0,只要摘下面具 就能牢牢抓住大眾的眼光了喔?,關切語調,['person']
8763,381.0,只要摘下面具 就能牢牢抓住犬眾的眼光了喔?,關切語調,['person']
8786,382.0,卜` Ave Mujica不會那樣自貶身價,疑問語調,[]
8809,383.0,k` Ave Mujica不會那樣自貶身價,疑問語調,[]
8855,385.0,我們要先累積成果,平淡語氣,[]
8878,386.0,取得音樂方面的評價,平淡語氣,[]
8901,387.0,"昨天還很喜歡,今天就肫了",平淡語氣,[]
8924,388.0,"昨天還很喜歡,今天就肫了",平淡語氣,[]
8947,389.0,"昨天還很喜歡,今天就膩了",悲傷語調,['kite']
8970,390.0,"昨天還很喜歡,今天就肫了",平淡語氣,[]
9016,392.0,世間可是很殘酷的,平淡語氣,[]
9039,393.0,世間可是很殘酷的,平淡語氣,[]
9062,394.0,繼續拖拉下去觀眾也許會先厭倦喔?,關切語調,[]
9085,395.0,繼續拖拉下去觀眾也許會先厭倦喔?,關切語調,[]
9108,396.0,繼續拖拉下去觀眾也許會先厭倦喔?,關切語調,[]
9154,398.0,我不打算讓這樂圃成為婁花一現的流行,憤怒語調,[]
9177,399.0,我不打算讓這樂圃成為婁花一現的流行,憤怒語調,[]
9200,400.0,我不打算讓這樂團成為婁花一現的流行,悲傷語調,[]
9223,401.0,我不打算讓這樂團成為婁花一現的流行,悲傷語調,[]
9246,402.0,我不打算讓這樂團成為婁花一現的流行,悲傷語調,[]
9269,403.0,我不是說過了嗎,疑問語調,[]
9292,404.0," 唁把妳剩餘的人生交給我""",悲傷語調,[]
9315,405.0,"唁把妳剩餘的人生交給我""",悲傷語調,[]
9338,406.0," 唁把妳剩餘的人生交給我""",悲傷語調,[]
9476,412.0,卞1714/ b)卜57- 于 /0.`3 BanG Drinit 要摘下面具 project,憤怒語調,[]
9499,413.0,卞1714/ b)卜57- /73 Ban& DriymiiPr必須選在最棒的舞台及最佳的時機,關切語調,[]
9522,414.0,木1711>#-- ;#3 勺)卜57- #.于+ 3 Ban& DiaanPr必須選在最棒的舞台及最佳的時機,關切語調,[]
9545,415.0,卞!7t =+儿 夕卜7!+ 一匕夕于+二之 /'3 Banfilfiiam! IPr必.須選在最棒的舞台及最佳的時機,開心語調,[]
9568,416.0,十1 必須選在最棒的舞台及最佳的時機,關切語調,[]
9637,419.0,我剛才覺得好感動喔,開心語調,[]
9660,420.0,我剛才覺得好感動喔,開心語調,[]
9706,422.0,妳真的很重視Ave Mujica呢,平淡語氣,[]
9729,423.0,妳真的很重視Ave Mujica呢,平淡語氣,[]
9752,424.0,妳真的很重視Ave Mujica呢,平淡語氣,[]
9775,425.0,妳真的很重視Ave Mujica呢,平淡語氣,[]
9798,426.0,這是當然的,平淡語氣,['person']
9821,427.0,這是當然的,平淡語氣,['person']
9844,428.0,=因為我背負著大家的火生啊,憤怒語調,[]
9867,429.0,垚1 diimsi 因 為我背負著犬家的人生啊,憤怒語調,['person']
9890,430.0,茸1 m iiosa 因為我背負著光家的人生啊,憤怒語調,['person']
9913,431.0,佃祕密 丑1 Gpm msa-才剛出道就變得這麼菱歡迎',驚奇語調,['person']
9936,432.0,"(祕密) $1 rym moa_才剛出道就變得這麼受歡迎,",驚奇語調,['person']
9959,433.0,三_--_' 俬祕密) 才剛出道就變得這麼受歡迎,平淡語氣,['person']
9982,434.0,二小祥果然很厲害呢,驚奇語調,['person']
10005,435.0,二= 三-二小祥果然很厲害呢,驚奇語調,[]
10028,436.0,這全是託初華的福 一,憤怒語調,['person']
10051,437.0,這全是託初華的福,驚奇語調,[]
10074,438.0,rAve Mujica的主唱,憤怒語調,"['person', 'person']"
10097,439.0,rAve Mujica的主唱,憤怒語調,"['person', 'person']"
10120,440.0,我認為沒有人比妳更適合了,悲傷語調,"['person', 'person']"
10143,441.0,我認為沒有人比妳更適合y,悲傷語調,"['person', 'person']"
10189,443.0,組樂團?,疑問語調,[]
10235,445.0,"對,而且是以商業出道,",平淡語氣,[]
10258,446.0,"對,而且是以商業出道.",平淡語氣,[]
10281,447.0,"對,而且是以商業出道.",平淡語氣,[]
10350,450.0,"我知道了,可以啊",平淡語氣,['toilet']
10373,451.0,"我知道了,可以啊",平淡語氣,[]
10396,452.0,真的嗎,疑問語調,[]
10419,453.0,真的嗎,疑問語調,[]
10442,454.0,我都還沒說明啊,疑問語調,[]
10465,455.0,因為這是小祥的請求啊,憤怒語調,[]
10488,456.0,因為這是小祥的請求啊,憤怒語調,[]
10557,459.0,妳真的什麼都不打算問嗎,疑問語調,['person']
10580,460.0,妳真的什麼都不打算問嗎,疑問語調,[]
10603,461.0,妳真的什麼都不打算問嗎,疑問語調,['sports ball']
10672,464.0,妳定是會被慫恿買水晶的那種人吧,驚奇語調,[]
10695,465.0,妳一定是會被慫恿買水晶的那種人吧,驚奇語調,['person']
10718,466.0,妳定是曾被慫恿買水晶的那種人吧,驚奇語調,[]
10741,467.0,如 定是曾被慫恿買水晶的那種人吧,疑問語調,[]
10787,469.0,好過分喔,憤怒語調,[]
10810,470.0,雖然隸屬於同間經紀公司,平淡語氣,[]
10833,471.0,雖然隸屬於同間經紀公司,平淡語氣,[]
10856,472.0,但同時進行Sumimi的活動一定很辛苦吧,平淡語氣,[]
10879,473.0,但同時進行Sumimi的活動一定很辛苦吧,平淡語氣,[]
10902,474.0,但同時進行Sumimi的活動一定很辛苦吧,平淡語氣,[]
10925,475.0,我會盡可能不造成妳太多負擔的,關切語調,[]
10948,476.0,我會盡可能不造成妳太多負擔的,關切語調,[]
10971,477.0,這一點也不算是負擔喔,疑問語調,[]
10994,478.0,這一點也不算是負擔喔,疑問語調,[]
11017,479.0,反而讓我能轉換心情,悲傷語調,[]
11040,480.0,反而讓我能轉換心情,悲傷語調,[]
11224,488.0,是因為我想和小祥永遠在起的願望,悲傷語調,['clock']
11247,489.0,是因為我想和小祥永遠在起的願望,悲傷語調,[]
11270,490.0,是因為我想和小祥永遠在一起的願望,悲傷語調,['clock']
11293,491.0,是因為我想和小祥永遠在一起的願望,悲傷語調,['clock']
11339,493.0,現在終於炭現7,厭惡語調,[]
11362,494.0,初華,憤怒語調,[]
11385,495.0,初華,憤怒語調,[]
11454,498.0,(赤羽砦察署 徠r中),憤怒語調,['cell phone']
11477,499.0,(赤羽砦察署 徠r中),憤怒語調,['cell phone']
11500,500.0,工作的電話?,疑問語調,['person']
11523,501.0,工作的電話?,疑問語調,['person']
11546,502.0,"對,初華, 下次見",平淡語氣,['person']
11615,505.0,我是豊川,平淡語氣,['person']
11707,509.0,與嫌疑犯之闢係 父女 職業 學生 姓名豊川祥子 這個麻煩您了,憤怒語調,[]
11730,510.0,與嫌疑犯之關係父女 職業 學生 姓名豊川祥子 這個麻煩您了,憤怒語調,[]
11776,512.0,他又醉倒在巷子裡了,悲傷語調,['person']
11799,513.0,他文醉倒在巷子裡了凹,悲傷語調,['person']
11845,515.0,家父再製造麻煩,憤怒語調,[]
11868,516.0,家父再製造麻煩,憤怒語調,[]
11891,517.0,實在是非常抱歉,厭惡語調,[]
12006,522.0,001_ 1_1 苑,憤怒語調,[]
12029,523.0,001_ 1_11 苑,憤怒語調,[]
12052,524.0,001_ 1_11 苑,憤怒語調,[]
12075,525.0,001_1_0 苑 皂爸爸,憤怒語調,[]
12144,528.0,我看我還是消失比較好,平淡語氣,['scissors']
12167,529.0,我看我還是消失比較好,平淡語氣,['scissors']
12213,531.0,"""063",憤怒語調,[]
12259,533.0,別說這種莫名其妙的話,憤怒語調,['bicycle']
12282,534.0,別說這種莫名其妙的話,憤怒語調,['chair']
12305,535.0,別說這種莫名其妙的話,憤怒語調,[]
12328,536.0,"好了,振作點",平淡語氣,['clock']
12351,537.0,我們回去吧,悲傷語調,[]
12374,538.0,我們回去吧,悲傷語調,[]
12420,540.0,l,疑問語調,[]
12443,541.0,l,疑問語調,[]
12466,542.0,l,疑問語調,[]
12765,555.0,武道館演出前要完成四首歌,平淡語氣,"['bottle', 'person', 'bottle']"
12788,556.0,武道館演出前要完成四首歌,平淡語氣,"['bottle', 'bottle', 'person']"
12811,557.0,考慮到初華作詞的時間,平淡語氣,"['bottle', 'bottle']"
12834,558.0,考慮到初華作詞的時間,平淡語氣,"['bottle', 'bottle']"
12857,559.0,考處到初華作詞的時間,驚奇語調,[]
12880,560.0,遁未前至少得準備好兩首歌,平淡語氣,[]
12903,561.0,週前至少得準備好兩苜歌,平淡語氣,[]
12926,562.0,週耒前至少得準備好兩首歌,平淡語氣,[]
13202,574.0,妳彈得好棒喔,開心語調,[]
13225,575.0,妳彈得好棒喔,開心語調,['person']
13248,576.0,因為媽媽很喜歡這首歌,平淡語氣,['person']
13271,577.0,因為媽媽很喜歡這首歌,平淡語氣,['person']
13294,578.0,所以我練習了很多次喔,平淡語氣,['person']
13317,579.0,所以我練習了很多次喔,平淡語氣,['person']
13340,580.0,我下次會找睦一起,平淡語氣,['person']
13386,582.0,怎麼7?,疑問語調,['person']
13409,583.0,沒什麼,平淡語氣,['person']
13432,584.0,沒什麼,平淡語氣,['person']
13455,585.0,在媽媽生日之前我不能說,悲傷語調,[]
13478,586.0,在媽媽生日之前我不能說,悲傷語調,[]
13501,587.0,在媽媽生日之前我不能說,悲傷語調,['person']
13524,588.0,"瑞穗,祥子",疑問語調,"['person', 'person']"
13547,589.0,"瑞穗,祥子%",憤怒語調,"['person', 'person']"
13570,590.0,我回來了*,平淡語氣,"['person', 'person']"
13593,591.0,爸爸,疑問語調,['person']
13639,593.0,歡迎你回來,開心語調,"['person', 'tie']"
13662,594.0,工作還順利嗎,平淡語氣,['person']
13685,595.0,工作還順利嗎,平淡語氣,['person']
13731,597.0,今天又被岳父臭罵了-頓,憤怒語調,['person']
13754,598.0,今天又被岳父臭罵了-頓,憤怒語調,['person']
13777,599.0,他還說這樣別說是公司,平淡語氣,['person']
13800,600.0,連*貝女兒也不能交給我了,悲傷語調,"['person', 'tie']"
13823,601.0,建瑛貝女兒也不能交給我了,悲傷語調,"['tie', 'person', 'person']"
13846,602.0,連瘓貝女兒也不能交給我了,悲傷語調,"['tie', 'person']"
13869,603.0,他也是因為想栽培清告才曾這麼嚴厲,悲傷語調,"['person', 'person']"
13892,604.0,他也是因為想栽培清告才會這麼嚴厲,疑問語調,[]
13915,605.0,他也是因為想栽培清告才曾這麼嚴厲,悲傷語調,['person']
13938,606.0,他也是因為想栽培清告才會這麼嚴厲,疑問語調,['person']
13961,607.0,不會有事的,平淡語氣,"['cat', 'person']"
13984,608.0,你的美德就是真誠,憤怒語調,['person']
14007,609.0,你的美德就是真誠,憤怒語調,['person']
14099,613.0,"瑞穗,怎麼會這麼快就",疑問語調,['person']
14122,614.0,"瑞穗,怎麼會這麼快就",疑問語調,"['person', 'person', 'person', 'person']"
14145,615.0,"瑞穗,怎麼會這麼快就",疑問語調,"['person', 'person', 'person']"
14191,617.0,"不過,聽說她已經算撐得很久了",平淡語氣,['person']
14214,618.0,"不過,聽說她已經算撐得很久了",平淡語氣,['person']
14651,637.0,媽媽,疑問語調,[]
14674,638.0,媽媽,疑問語調,[]
14720,640.0,^,疑問語調,['person']
14835,645.0,祥子,疑問語調,['person']
14881,647.0,爸爸曾好好努力的,平淡語氣,['person']
14904,648.0,爸爸曾好好努力的,平淡語氣,['person']
14996,652.0,下午就要舉行音樂祭了,平淡語氣,[]
15019,653.0,下午就要舉行音樂祭了,平淡語氣,[]
15042,654.0,下午就要舉行音樂祭了,平淡語氣,[]
15065,655.0,請大家往講堂移動吧,開心語調,[]
15088,656.0,請大家往講堂移動吧,開心語調,[]
15111,657.0,好的,平淡語氣,[]
15341,667.0,該走了,悲傷語調,"['person', 'person']"
15502,674.0,-,憤怒語調,[]
15525,675.0,_,憤怒語調,[]
15594,678.0,謝謝大家 二.廿,開心語調,"['person', 'person', 'person']"
15617,679.0,謝謝犬家 二廿,開心語調,"['person', 'person', 'person']"
15640,680.0,我們是Morfonica,憤怒語調,['scissors']
15663,681.0,我們是 Moffonica,憤怒語調,['scissors']
15709,683.0,Morfonica?,疑問語調,['person']
15732,684.0,她們是月之森第一個組樂團的高中部學姊,驚奇語調,['person']
15755,685.0,她們是月之森第一個組樂團的高中部學姊,驚奇語調,['person']
15778,686.0,她們是月之森第一個組樂團的高中部學姊,驚奇語調,['person']
15801,687.0,她們是月之森第一個組樂團的高中部學姊,驚奇語調,['person']
15824,688.0,她們是月之森第一個組樂團的高中部學姊,驚奇語調,['person']
15847,689.0,樂團,平淡語氣,['person']
15870,690.0,眭,憤怒語調,[]
15893,691.0, 我們也來組樂團吧,平淡語氣,[]
15916,692.0, 我們也來組樂團吧,平淡語氣,[]
15939,693.0, 我們也來組樂團吧,平淡語氣,[]
15962,694.0, 我是說樂團啊,平淡語氣,['person']
15985,695.0,我是說樂團啊,平淡語氣,['person']
16054,698.0,長崎爽世同學感覺很好相處,平淡語氣,[]
16077,699.0,長崎爽世同學感覺很好相處,平淡語氣,[]
16100,700.0,長崎爽世同學感覺很好相處 ,平淡語氣,[]
16123,701.0,真是太好了 ,開心語調,[]
16146,702.0,再來是m 3-,疑問語調,[]
16192,704.0,_,憤怒語調,[]
16307,709.0,不可以,疑問語調,[]
16353,711.0,/我為撞倒妳的事向妳道歉,悲傷語調,['person']
16376,712.0,我為撞倒妳的事向妳道歉,悲傷語調,"['person', 'umbrella']"
16399,713.0,/. 但是妳不可以死,悲傷語調,"['person', 'umbrella']"
16422,714.0,/.但是妳不可以死,悲傷語調,"['person', 'umbrella']"
16491,717.0,從今以後我們就是樂 ,悲傷語調,"['chair', 'chair', 'chair', 'person']"
16514,718.0,從今以後我們就是樂 ,悲傷語調,"['chair', 'chair', 'chair']"
16560,720.0,=起共同演奏音樂的命運共同體了,驚奇語調,[]
16583,721.0,二起共同演奏音樂的命運共同體了,憤怒語調,['person']
16606,722.0,一起共同演奏音樂的命運共同體了,悲傷語調,[]
16629,723.0,一起共同演奏音樂的命運共同體了,悲傷語調,[]
16652,724.0,]~二 1<011`////- 這是我第砍寫歌詞,憤怒語調,[]
16675,725.0,孜+乞永&杭^ 這是我第砍寫歌詞,厭惡語調,[]
16698,726.0,萩一乞求0這是栽第=坎寫歌詞,憤怒語調,['clock']
16721,727.0, 嘗方由想辦乞髒些呢? SANZI,憤怒語調,[]
16744,728.0, 嘗方估想像力爺@ SANZI,憤怒語調,[]
16767,729.0," 嘗ht鮆箸蒨l,這是@@ SANZI",開心語調,[]
16790,730.0," 嘗ht鮆箸l,這是@@ SANZI",開心語調,[]
16813,731.0," 嘗ht鮆箸l,這是@@ SANZI",開心語調,[]
16836,732.0, 朗待+5ttt`U11y_,憤怒語調,[]
16859,733.0,"/ s待#51|1#1|'`V1$`,1_7+",憤怒語調,[]
16882,734.0,=/~/ &待寸5仁!日影@`1`1,憤怒語調,[]
16928,736.0,是關於我們的歌吧,驚奇語調,[]
16951,737.0,是關於我們的歌吧,驚奇語調,[]
17342,754.0,爸爸呢?,疑問語調,[]
17365,755.0,爸爸呢?,疑問語調,[]
17388,756.0,這傢伙根本什麼也不懂,厭惡語調,[]
17411,757.0,我要封鎖他,疑問語調,[]
17434,758.0,立希,憤怒語調,"['chair', 'chair', 'chair', 'person', 'person', 'person', 'chair']"
17457,759.0,消音就好 不要封鎖吧,關切語調,"['chair', 'chair', 'chair', 'person', 'person', 'person', 'chair']"
17480,760.0,"消音就好了,不要封鎖吧",關切語調,[]
17526,762.0,不大多數的人都在誇獎我們喔,疑問語調,[]
17549,763.0,不大多數的人都在誇獎我們喔,疑問語調,[]
17572,764.0,不大多數的人都在誇獎我們喔,疑問語調,[]
17710,770.0,祥?,疑問語調,[]
17848,776.0,爺爺,疑問語調,"['person', 'person']"
17871,777.0,爸爸在哪裡? 你應該知道吧?,關切語調,"['chair', 'person', 'couch']"
17894,778.0,爸爸在哪裡? 你應該知道吧?,關切語調,"['chair', 'person', 'couch', 'chair']"
17917,779.0,爸爸在哪裡? 你應該知道吧?,關切語調,"['chair', 'person', 'couch', 'chair']"
17940,780.0,那傢伙已經不是豐川家的 丁,疑問語調,['person']
17963,781.0,那傢伙已經不是豐川家的 了,疑問語調,['person']
17986,782.0,那傢伙已經不是豐川家的,疑問語調,['person']
18009,783.0,他因為讓公司遭到詐騙引咎辭職,憤怒語調,['person']
18032,784.0,他因為讓公司遭到詐騙引咎辭職,憤怒語調,['person']
18055,785.0,他因為讓公司遭到詐騙引咎辭職,憤怒語調,['person']
18078,786.0,他因為讓公司遭到詐騙引咎辭職,憤怒語調,['person']
18101,787.0,詐騙?,疑問語調,[]
18124,788.0,他造成7168億的損失,平淡語氣,[]
18147,789.0,他造成7168億的損失,平淡語氣,[]
18170,790.0,他造成了168億的損失,平淡語氣,[]
18216,792.0,怎麼會,疑問語調,[]
18262,794.0,只能說妳運氣不好,厭惡語調,['person']
18285,795.0,運氣?,疑問語調,['person']
18331,797.0,"忘了妳父親,成為我的女兒吧",悲傷語調,['person']
18354,798.0,"忘了妳父親,成為我的女兒吧",悲傷語調,[]
18377,799.0,"忘了妳父親,成為我的女兒吧",悲傷語調,[]
18400,800.0,"忘了妳父親,成為我的女兒吧",悲傷語調,[]
18423,801.0,妳是瑞穗的遺孤,悲傷語調,['person']
18446,802.0,妳是瑞穗的遺孤,悲傷語調,['person']
18469,803.0,我不希望妳過苦日子,悲傷語調,[]
18492,804.0,我不希望妳過苦日子,悲傷語調,['person']
18584,808.0,祥子,疑問語調,"['person', 'chair']"
18630,810.0,妳這種溫室長大的孩子 打算怎麼在外討生活?,憤怒語調,[]
18653,811.0,妳這種溫室長大的孩子 打算怎麼在外討生活?,憤怒語調,['couch']
18676,812.0,妳這種溫室長大的孩子 打算怎麼在外討生活?,憤怒語調,['couch']
18722,814.0,至少要將媽媽留下的這個,關切語調,['person']
18745,815.0,至少要將媽媽留下的這個... 4,關切語調,[]
18906,822.0,再見了,悲傷語調,['person']
18952,824.0,恥,悲傷語調,[]
19021,827.0,卅 d,憤怒語調,[]
19067,829.0,就是這裡嗎,疑問語調,['person']
19090,830.0,就是這裡嗎,疑問語調,['person']
19113,831.0,就是這裡嗎,疑問語調,['person']
19228,836.0,爸爸?,疑問語調,['person']
19251,837.0,爸爸?,疑問語調,[]
19343,841.0,dienid,疑問語調,['person']
19412,844.0,爸爸,疑問語調,"['bottle', 'dog']"
19435,845.0,"爸爸,振作云點",憤怒語調,['bottle']
19458,846.0,"爸爸,振作=點",憤怒語調,['bottle']
19757,859.0,/~`,憤怒語調,[]
19826,862.0,`- ,憤怒語調,[]
19964,868.0,國中生?,疑問語調,[]
20010,870.0,是的 ,疑問語調,[]
20033,871.0,我們不能雇用國中生,厭惡語調,[]
20056,872.0,我們不能雇用國中生,厭惡語調,[]
20079,873.0,其他地方也沒雇用妳吧,關切語調,['person']
20102,874.0,其他地方也沒雇用妳吧,關切語調,['person']
20125,875.0,其他地方也沒雇用妳吧,關切語調,['person']
20148,876.0,是的,疑問語調,[]
20171,877.0,我只有找到送報的工作,悲傷語調,[]
20194,878.0,我只有找到送報的工作,悲傷語調,[]
20217,879.0,我只有找到送報的工作,悲傷語調,['person']
20240,880.0,妳的父母呢?,關切語調,"['chair', 'book']"
20263,881.0,妳的父母呢?,關切語調,['chair']
20309,883.0,這,憤怒語調,['tv']
20355,885.0,背景複雜的人恐怕...,關切語調,[]
20378,886.0,背景複雜的人恐怕...,關切語調,[]
20401,887.0, ~ 10+58-124-01? 仁+; _*y+,憤怒語調,[]
20493,891.0,收入實在太少了,悲傷語調,[]
20516,892.0,收入實在太少了,悲傷語調,[]
20539,893.0,這樣根本:.,疑問語調,[]
20562,894.0,這樣根本:.,疑問語調,['person']
20631,897.0,妳真的要離開了嗎,疑問語調,[]
20654,898.0,妳真的要離開了嗎,疑問語調,[]
20677,899.0,睦;妳知道嗎,平淡語氣,['traffic light']
20700,900.0,睦;妳知道嗎,平淡語氣,['traffic light']
20723,901.0,月之森的學費非常昂賁喔,平淡語氣,"['traffic light', 'traffic light']"
20746,902.0,月之森的學費非常昂賁喔,平淡語氣,"['traffic light', 'traffic light']"
20769,903.0,月之森的學費非常昂賁喔,平淡語氣,"['traffic light', 'traffic light']"
20792,904.0,那CRYCHC呢?,疑問語調,[]
20815,905.0,那CRYCHC呢?,疑問語調,[]
20907,909.0,我會想辦法抽空參加的,平淡語氣,[]
20930,910.0,我會想辦法抽空參加的,平淡語氣,[]
20953,911.0,先不要告訴任向人,關切語調,[]
20976,912.0,先不要告訴任向人,關切語調,[]
21045,915.0,現在還來得及過去,悲傷語調,[]
21068,916.0,現在還來得及過去,悲傷語調,[]
21114,918.0,俠世(今天有辦法來嗎3,憤怒語調,"['person', 'person']"
21137,919.0,爽世,憤怒語調,[]
21160,920.0,爽世,憤怒語調,[]
21206,922.0,"(前真的很抱歉,我今天可以去了 二心乙Lf_",開心語調,[]
21229,923.0,(來電中),平淡語氣,[]
21252,924.0,(來電中),平淡語氣,[]
21367,929.0,你好,開心語調,[]
21551,937.0,為什麼要喝成這樣,憤怒語調,[]
21574,938.0,為什麼要喝成這樣,憤怒語調,[]
21597,939.0,祥子,疑問語調,[]
21620,940.0,爸爸曾好好努力的,平淡語氣,[]
21643,941.0,爸爸曾好好努力的,平淡語氣,[]
21666,942.0,爸爸曾好好努力的,平淡語氣,[]
21735,945.0,爸,疑問語調,[]
21827,949.0,"{之前真的祺抱歉,兼今可以去了)",開心語調,[]
21850,950.0,"{之前真的祺抱歉,兼今夫可以去了)",開心語調,[]
21873,951.0,"{之前真的祺抱歉,兼今夫可以去了)",開心語調,[]
22310,970.0,我要退出CRYCHIC/^_/,憤怒語調,"['person', 'person', 'person', 'chair', 'person']"
22333,971.0,我要退出CRYCHIC/,憤怒語調,"['person', 'person', 'person', 'chair', 'person']"
22356,972.0,我要退出CRYCHIC/,憤怒語調,"['person', 'person', 'person', 'chair', 'person']"
22379,973.0,我要退出CRCHIC,厭惡語調,"['person', 'person', 'frisbee']"
22494,978.0,之前的演唱會不是很快樂嗎,平淡語氣,[]
22517,979.0,之前的演唱會不是很快樂嗎,平淡語氣,[]
22540,980.0,之前的演唱會不是很快樂嗎,平淡語氣,[]
22563,981.0,妳也說過還想再辦一次吧,疑問語調,[]
22586,982.0,妳也說過還想再辦一次吧,疑問語調,[]
22701,987.0,燈就是在等妳來啊,關切語調,"['person', 'person', 'person', 'person', 'person', 'chair']"
22724,988.0,燈就是在等妳來啊,關切語調,"['person', 'person', 'person', 'person']"
22839,993.0,妳真的要退出了嗎,疑問語調,['person']
22862,994.0,妳真的要退出了嗎,疑問語調,['person']
22908,996.0,池&,憤怒語調,['traffic light']
23207,1009.0,妳有在蒐集便利貼啊,平淡語氣,"['chair', 'potted plant', 'chair']"
23230,1010.0,妳有在蒐集便利貼啊,平淡語氣,"['chair', 'chair', 'person', 'potted plant']"
23253,1011.0,因為可以將字句排在起看,平淡語氣,[]
23276,1012.0,因為可以將字句排在=起看,疑問語調,[]
23345,1015.0,"我家也有些沒在甩的,妳要嗎",關切語調,"['person', 'chair', 'cup', 'potted plant', 'chair']"
23368,1016.0,"我家也有些沒在用的,妳要嗎",平淡語氣,"['person', 'chair', 'chair']"
23391,1017.0,"我家也有些沒在甩的,妳要嗎",關切語調,"['person', 'chair', 'chair', 'chair', 'potted plant']"
23460,1020.0,"拿到門票了,真是奇蹟",驚奇語調,"['chair', 'cup']"
23483,1021.0,"拿到門票了,真是奇蹟",驚奇語調,[]
23506,1022.0,"拿到門票了,真是奇蹟",驚奇語調,[]
23529,1023.0,"于勺""卜0芳支扎|.方取少引老|二閱寸石二案內+~上+",疑問語調,[]
23552,1024.0,"于勺""卜0拎支扯[+.書取U引芒什麼?石二案巾+卜+",憤怒語調,[]
23575,1025.0,Ave Mujica的武道館面具舞會的門票啊,驚奇語調,[]
23598,1026.0,til[ Ave Mujica的武道館面具舞會的門票啊,驚奇語調,[]
23621,1027.0,Ave Mujica的武道館面具舞會的門票啊,驚奇語調,[]
23644,1028.0, 因為中籤率超低的,悲傷語調,"['potted plant', 'person', 'chair', 'chair', 'cup', 'chair', 'chair']"
23667,1029.0,因為中籤率超低的,悲傷語調,"['potted plant', 'chair', 'cup', 'person', 'chair', 'chair']"
23690,1030.0,我還以為沒希望了呢,悲傷語調,"['potted plant', 'chair', 'cup', 'chair', 'person', 'chair']"
23713,1031.0,我還以為沒希望了呢,悲傷語調,"['potted plant', 'chair', 'cup', 'chair', 'person', 'chair', 'chair']"
23736,1032.0,那真是太好了,開心語調,"['potted plant', 'chair', 'cup', 'chair', 'chair', 'person', 'chair', 'chair']"
23759,1033.0,那真是太好了,開心語調,"['potted plant', 'chair', 'chair', 'cup', 'person', 'chair', 'chair']"
23782,1034.0,那個Amofis絕對是Nyamuchi啦,憤怒語調,"['chair', 'cup', 'teddy bear']"
23805,1035.0,那個Amofis絕對是Nyamuchi啦,憤怒語調,"['chair', 'cup', 'teddy bear']"
23828,1036.0,Wyamuchi是指那個Nyamuchi?,疑問語調,"['chair', 'cup', 'teddy bear']"
23851,1037.0,Wyamuch是指那個Nyamuchi?,疑問語調,"['chair', 'cup', 'teddy bear']"
23874,1038.0,聲音完全就是 Nyamuchi,厭惡語調,"['chair', 'teddy bear', 'cup']"
23897,1039.0,聲音完全就是Nyamuchi,厭惡語調,"['chair', 'cup']"
23920,1040.0,她在乞前的影片裡也一直暗示,疑問語調,"['chair', 'teddy bear', 'cup']"
23943,1041.0,她在乞前的影片裡也一直暗示,疑問語調,"['chair', 'person', 'cup']"
23966,1042.0,有這回事嗎,疑問語調,"['chair', 'cup']"
23989,1043.0,妳只要看過就知道了啦,疑問語調,"['chair', 'cup', 'chair']"
24012,1044.0,妳只要看過就知道了啦,疑問語調,"['chair', 'teddy bear', 'cup']"
24058,1046.0,"一起去吧, Tomorin",平淡語氣,"['chair', 'cup', 'person']"
24081,1047.0,Ave Mujica的面具舞會 ,憤怒語調,"['teddy bear', 'chair', 'cup']"
24104,1048.0,Ave Mujica的面具舞會,憤怒語調,"['chair', 'teddy bear', 'cup']"
24127,1049.0,我這裡有兩張閂票,平淡語氣,"['chair', 'teddy bear', 'cup']"
24150,1050.0,"小燈,妳不是很怕去人多的地方嗎",關切語調,"['chair', 'cup', 'chair']"
24173,1051.0,"小燈,妳不是很怕去人多的地方嗎",關切語調,"['chair', 'cup', 'chair']"
24196,1052.0,"小燈,妳不是很怕去人多的地方嗎",關切語調,"['chair', 'cup', 'chair']"
24242,1054.0,MyGO!!!!!以後或許 也會在很大的場地辦演唱會喔?,平淡語氣,['chair']
24265,1055.0,MyGO!!!!!以後或許 也會在很大的場地辦演唱會喔?,平淡語氣,['chair']
24288,1056.0,MyGO!!!!!以後或許 也會在很大的場地辦演唱會喔?,平淡語氣,['chair']
24311,1057.0,趁現在先習慣一下比較好啦,平淡語氣,['chair']
24334,1058.0,趁現在先習慣一下比較好啦,平淡語氣,[]
24357,1059.0,走開,平淡語氣,[]
24403,1061.0,妳講話很大聲耶,平淡語氣,[]
24426,1062.0,妳講話很大聲耶,平淡語氣,[]
24449,1063.0,"Rikki,妳要去嗎",平淡語氣,"['person', 'person']"
24495,1065.0,謝謝,開心語調,"['person', 'person', 'person']"
24518,1066.0,我沒興趣,平淡語氣,"['person', 'person', 'person']"
24541,1067.0,是Ave Mujica喔?,疑問語調,"['person', 'person']"
24564,1068.0,所以呢?,疑問語調,"['person', 'person']"
24587,1069.0,她們是現在最受注目的樂團喔,平淡語氣,"['person', 'person']"
24610,1070.0,她們是現在最受注目的樂團喔,平淡語氣,"['person', 'person', 'person']"
24633,1071.0,妳看,疑問語調,"['person', 'person']"
24656,1072.0,要是染上人類的氣味 就找不到收留的對象了,厭惡語調,[]
24679,1073.0,要是染上人類的氣味 就找不到收留的對象了,厭惡語調,[]
24702,1074.0,要是染上人類的氣味 就找不到收留的對象了,厭惡語調,[]
24725,1075.0,"討厭,那就糟了",悲傷語調,[]
24748,1076.0,"討厭,那就糟了",悲傷語調,[]
24794,1078.0,演戲?,平淡語氣,"['person', 'person', 'person']"
24817,1079.0,聽說會在演唱會的過場時間演短劇,平淡語氣,"['person', 'person', 'person']"
24840,1080.0,聽說會在演唱會的過場時間演短劇,平淡語氣,"['person', 'person', 'person']"
24863,1081.0,她們的世界觀就是這樣啦,平淡語氣,"['person', 'person', 'person']"
24886,1082.0,她們的世界觀就是這樣啦,平淡語氣,"['person', 'person']"
24909,1083.0,這樣根本不算是樂團,厭惡語調,['person']
24932,1084.0,這樣根本不算是樂團,厭惡語調,['person']
24955,1085.0,是樂團好嗎,平淡語氣,"['chair', 'person']"
25024,1088.0,剩這張該怎麼辦呢,疑問語調,[]
25047,1089.0,剩這張該怎麼辦呢,疑問語調,['person']
25116,1092.0,幹嘛?,疑問語調,[]
25254,1098.0,我要出門了,平淡語氣,['person']
25300,1100.0,爸爸,疑問語調,['person']
25323,1101.0,妳要去武道館吧?,平淡語氣,['person']
25346,1102.0,妳要去武道館吧?,平淡語氣,['person']
25415,1105.0,"是啊,原來你知道啊",驚奇語調,"['clock', 'clock']"
25438,1106.0,"是啊,原來你知道啊",驚奇語調,['clock']
25461,1107.0,祥子真是厲害,驚奇語調,[]
25484,1108.0,祥子真是厲害,驚奇語調,[]
25507,1109.0,祥子真是厲害,驚奇語調,[]
25553,1111.0,就妳一個人不斷向前邁進,關切語調,[]
25576,1112.0,就妳一個人不斷向前邁進,關切語調,[]
25599,1113.0,爸爸?,疑問語調,[]
25622,1114.0,爸爸?,疑問語調,[]
25645,1115.0,我已經沒辦法再努力了,悲傷語調,[]
25668,1116.0,我已經沒辦法再努力了,悲傷語調,[]
25691,1117.0,我已經沒辦法再努力了,悲傷語調,[]
25714,1118.0,我已經沒辦法再努力了,悲傷語調,[]
25737,1119.0,要是看到爸爸現在這樣,悲傷語調,[]
25760,1120.0,要是看到爸爸現在這樣,悲傷語調,[]
25783,1121.0,媽媽也會很難過的,平淡語氣,[]
25806,1122.0,媽媽也會很難過的,平淡語氣,[]
25829,1123.0,媽媽以前說過,平淡語氣,[]
25852,1124.0,媽媽以前說過,平淡語氣,[]
25875,1125.0,爸爸的美德是,平淡語氣,[]
25898,1126.0,吵死了,悲傷語調,[]
25944,1128.0,=`7-,憤怒語調,['bottle']
25967,1129.0,三 主,疑問語調,[]
26036,1132.0,妳就不要再管我了,悲傷語調,"['bottle', 'bottle']"
26059,1133.0,妳就不要再管我了,悲傷語調,"['bottle', 'bottle']"
26082,1134.0,妳歙不要再管我了,憤怒語調,"['person', 'bottle', 'bottle']"
26105,1135.0,妳就不要再管我了 3,憤怒語調,"['person', 'bottle', 'bottle']"
26128,1136.0,有妳這座有出息的女兒譏我i得,憤怒語調,[]
26151,1137.0,有妳這座有出息的女兒讓我i得,開心語調,[]
26174,1138.0,有妳這座有出息的女兒譏我u得,憤怒語調,[]
26197,1139.0,有妳這座有出息的女兒譏我u得,憤怒語調,[]
26220,1140.0,自己好沒用,悲傷語調,[]
26266,1142.0,算我求求妳;妳快點消失吧,關切語調,[]
26289,1143.0,算我求求妳;妳快點消失吧,關切語調,[]
26312,1144.0,算我求求妳;妳快點消失吧,關切語調,[]
26335,1145.0,算我求求妳;妳快點消失吧,關切語調,[]
26542,1154.0,我們走吧,平淡語氣,[]
26588,1156.0,那個爛老爸,悲傷語調,[]
26611,1157.0,那個爛老爸,悲傷語調,[]
26634,1158.0,他根本不懂我這些日子有多難熬,悲傷語調,[]
26657,1159.0,他根本不懂我這些日子有多難熬,悲傷語調,[]
26680,1160.0,祥,憤怒語調,[]
26703,1161.0,我再也不會回到那裡,悲傷語調,[]
26726,1162.0,我再也不會回到那裡,悲傷語調,[]
26749,1163.0,我再也不曾回到那裡,悲傷語調,[]
26772,1164.0,也回不去了,悲傷語調,[]
26841,1167.0,武道館的演出沒問題嗎,平淡語氣,[]
26864,1168.0,武道館的演出沒問題嗎,平淡語氣,[]
26933,1171.0,當然不曾有問題,平淡語氣,[]
26956,1172.0,當然不曾有問題,平淡語氣,['umbrella']
27048,1176.0,妳 以為我是為了什麼才努力過來的,疑問語調,['clock']
27071,1177.0,妳 以為我是為了什麼才努力過來的,疑問語調,['clock']
27140,1180.0,斬斷過去的留戀,悲傷語調,[]
27163,1181.0,斬斷過去的留戀,悲傷語調,[]
27186,1182.0,忘記所有切,悲傷語調,[]
27209,1183.0,忘記所有切,悲傷語調,[]
27255,1185.0,我現在只剩 下Ave Mujica了,悲傷語調,['car']
27278,1186.0,我現在只剩 FAve Mujica了,悲傷語調,['car']
27301,1187.0,;;-; 我現在只剩下Ave Mujicay,悲傷語調,['car']
27508,1196.0,"Amoris,戴上面具",平淡語氣,['stop sign']
27531,1197.0,"Amoris,戴上面具",平淡語氣,['stop sign']
27554,1198.0,"Amoris,戴上面具",平淡語氣,['stop sign']
27577,1199.0,足,疑問語調,[]
27600,1200.0,足,疑問語調,[]
27692,1204.0,111%,疑問語調,[]
27715,1205.0,Doloris,憤怒語調,[]
27738,1206.0,宁出宁,疑問語調,[]
27761,1207.0,我毋畏悲傷,關切語調,[]
27784,1208.0,我毋畏悲傷,關切語調,[]
27876,1212.0,"""好好注視這完美的笑容吧""",關切語調,[]
27899,1213.0,"""好好注視這完美的笑容吧""",關切語調,[]
27922,1214.0,"""好好注視這完美的笑容吧""",關切語調,[]
27945,1215.0,如果不喜歡笑容的話,關切語調,[]
27968,1216.0,如果不喜歡笑容的話,關切語調,[]
27991,1217.0,那我也可以哭喔,悲傷語調,[]
28014,1218.0,那我也可以哭喔,悲傷語調,[]
28037,1219.0,我什麼表情都變得出來,悲傷語調,[]
28060,1220.0,我什麼表情都變得出來,悲傷語調,[]
28083,1221.0,我什麼表情都變得出來,悲傷語調,[]
28129,1223.0,真是無趣的劇本,厭惡語調,[]
28152,1224.0,真是無趣的蒯本.,厭惡語調,[]
28198,1226.0,我要上場囉,平淡語氣,['person']
28221,1227.0,我要上場囉,平淡語氣,['person']
28336,1232.0,Amoris,疑問語調,"['person', 'person', 'chair']"
28359,1233.0,Amoris,疑問語調,"['person', 'person']"
28382,1234.0,我毋畏愛,悲傷語調,"['person', 'person']"
28405,1235.0,我毋畏愛,悲傷語調,"['person', 'person']"
28543,1241.0,Oblivionis,憤怒語調,[]
28566,1242.0,Oblvionis,憤怒語調,[]
28589,1243.0,我毋畏建忘,悲傷語調,['person']
28612,1244.0,我毋畏!忘,關切語調,[]
28635,1245.0,我毋畏1忘,關切語調,[]
28704,1248.0,"好了,觀眾也差不多快來了",平淡語氣,"['person', 'person']"
28727,1249.0,"好了,觀眾也差不多快來了",平淡語氣,[]
28750,1250.0,"好了,觀眾也差不多快來了",平淡語氣,"['person', 'person']"
28796,1252.0,=_`[,憤怒語調,"['person', 'person']"
28819,1253.0,誰要來了?,疑問語調,['person']
28842,1254.0,"Doloris,看向前方",平淡語氣,[]
28865,1255.0,"Doloris,看向前方",平淡語氣,[]
28888,1256.0,是朋友,平淡語氣,[]
28911,1257.0,"Mortis,妳的頭髮都亂了",悲傷語調,[]
28934,1258.0,"Mortis,妳的頭髮都亂了",悲傷語調,[]
28957,1259.0," Mortis,妳的頭髮都亂了",悲傷語調,[]
28980,1260.0,即將成為我們新主人的人,平淡語氣,[]
29003,1261.0,即將成為我們新主人的人,平淡語氣,[]
29026,1262.0,即將成為我們新主人的人,平淡語氣,[]
29072,1264.0," Timoris,衣領要整理好",平淡語氣,[]
29095,1265.0,"Timoris,衣領要整理好",平淡語氣,[]
29118,1266.0,今天定要讓新主人找到我,平淡語氣,[]
29141,1267.0,今天一定要讓新主人找到我,悲傷語調,[]
29164,1268.0,今天一定要讓新主人找到我,悲傷語調,[]
29187,1269.0,";1 Amoris,妳現在需要的 ?",關切語調,[]
29210,1270.0,"Amoris,妳現在需要的",悲傷語調,[]
29233,1271.0,"Amoris,妳現在需要的",悲傷語調,[]
29256,1272.0,是完美的儀容舉止與完美的笑容,開心語調,[]
29279,1273.0,是完美的儀容舉止與完美的笑容,開心語調,[]
29302,1274.0,是完美的儀容舉止與完美的笑容,開心語調,[]
29325,1275.0,妳必須向觀眾們展現出最出色的自己,憤怒語調,[]
29348,1276.0,妳必須向觀眾們展現出最出色的自己,憤怒語調,[]
29371,1277.0,妳必須向觀眾們展現出最出色的自己,憤怒語調,[]
29394,1278.0,妳必須向觀眾們展現出最出色的自己,憤怒語調,[]
29486,1282.0,i &,疑問語調,[]
29509,1283.0,讓各位觀眾久候多時了,驚奇語調,[]
29532,1284.0,讓各位觀眾久候多時了,驚奇語調,[]
29555,1285.0,讓各位觀眾久候多時了,驚奇語調,[]
29578,1286.0,歡迎蒞臨Ave Mujica的面具舞會,平淡語氣,[]
29601,1287.0,歡迎蒞臨Ave Mujica的面具舞會,平淡語氣,['person']
29624,1288.0,歡迎蒞臨Ave Mujica的面具舞會,平淡語氣,[]
29647,1289.0,歡迎蒞臨Ave Mujica的面具舞會,平淡語氣,[]
29670,1290.0,今晚我們為各位觀眾,開心語調,['person']
29693,1291.0,今晚我們為各位觀眾,開心語調,['person']
29716,1292.0,準備了美麗的人偶們,平淡語氣,[]
29739,1293.0,準備了美麗的人偶們,平淡語氣,[]
29762,1294.0,準備了美麗的人偶們,平淡語氣,[]
29785,1295.0,聰敏的 Tmoris,憤怒語調,['person']
29808,1296.0,聰敏的Tioris,憤怒語調,['person']
29831,1297.0,聰敏的Timoris,憤怒語調,[]
29854,1298.0,慈愛的Amoris,開心語調,['person']
29900,1300.0,溫柔的 Doloris,疑問語調,[]
29923,1301.0,溫柔的Doloris,悲傷語調,[]
29946,1302.0,士 順從的Mortis,憤怒語調,"['chair', 'chair', 'chair']"
29969,1303.0,一4二 順從的Mortis,憤怒語調,['chair']
29992,1304.0,一_ 以我,疑問語調,"['chair', 'chair', 'person']"
30015,1305.0,一 以我,悲傷語調,"['chair', 'chair', 'chair']"
30038,1306.0,一_丑 石F的0blvionis,憤怒語調,"['chair', 'chair', 'chair']"
30061,1307.0,_一_丑 石F的0blvionis,憤怒語調,"['chair', 'chair', 'chair']"
30084,1308.0,一一,憤怒語調,"['chair', 'chair', 'chair']"
30107,1309.0,好好注視這完笑的笑容吧,關切語調,[]
30130,1310.0,好好注視這完美的笑容吧,關切語調,[]
30153,1311.0,好好注視這完美的笑容吧,關切語調,[]
30176,1312.0,"啶美""",疑問語調,[]
30199,1313.0,"啶美""",疑問語調,['kite']
30291,1317.0,那種虛假的笑容,平淡語氣,[]
30314,1318.0,那種虛假的笑容,平淡語氣,[]
30337,1319.0,才沒有人想要呢,疑問語調,[]
30360,1320.0,才沒有人想要呢,疑問語調,[]
30383,1321.0,才沒有人想要呢,疑問語調,[]
30429,1323.0,應該發自內心去笑才對啊,疑問語調,"['chair', 'person', 'person']"
30452,1324.0,應該發自內心去笑才對啊,疑問語調,"['chair', 'person']"
30498,1326.0,就像這樣,驚奇語調,['person']
30521,1327.0,就像這樣,驚奇語調,['person']
30590,1330.0,Nyamuchi,憤怒語調,"['person', 'chair', 'person', 'chair', 'person']"
30613,1331.0,"看吧,她果然是 Nyamuchi",驚奇語調,[]
30636,1332.0,"看吧,她果然是 Nyamuchi",驚奇語調,['backpack']
30659,1333.0,"看吧,她果然是 Nyamuchi",驚奇語調,['backpack']
30751,1337.0,妳怎麼做出這種事,疑問語調,['person']
30774,1338.0,我聽不見~,憤怒語調,['chair']
30797,1339.0,我聽不見~,憤怒語調,"['sports ball', 'person']"
30820,1340.0,Mortis,疑問語調,[]
30843,1341.0,Mortis /`/!,憤怒語調,[]
30866,1342.0,妳真正的長相是什麼樣子呢?,平淡語氣,[]
30889,1343.0,妳真正的長相是仕麼樣子呢?,疑問語調,[]
30912,1344.0,妳真正的長相是仕麼樣子呢?,疑問語調,[]
30958,1346.0,丘口=,憤怒語調,[]
30981,1347.0,巨呈其,疑問語調,[]
31004,1348.0,騙人,憤怒語調,[]
31027,1349.0,是若葉和森美奈美的女兒,驚奇語調,"['person', 'person']"
31050,1350.0,是若葉和森美奈美的女兒,驚奇語調,"['person', 'person']"
31073,1351.0,是若葉和森美奈美的女兒,驚奇語調,[]
31096,1352.0,#- ,憤怒語調,[]
31142,1354.0,看妳的臉都揪成一團了,平淡語氣,['person']
31165,1355.0,看妳的臉都揪成一團了,平淡語氣,[]
31188,1356.0,_妳這是什麼意鬼,憤怒語調,['person']
31211,1357.0,_妳這是什麼意鬼,憤怒語調,[]
31257,1359.0,那妳的長相呢?,關切語調,[]
31280,1360.0,那妳的長相呢?,關切語調,[]
31349,1363.0,DISRUPTION的海鈴?,疑問語調,[]
31372,1364.0,"盞好漂亮的臉蛋,真沒意思 二誰啊",開心語調,[]
31395,1365.0,"好漂亮的臉蛋,真沒意思",開心語調,[]
31418,1366.0,"好漂競的臉蛋,真沒意思",厭惡語調,[]
31441,1367.0,"好漂亮的臉蛋,真沒意思",開心語調,[]
31510,1370.0,看妳做了什麼好事,關切語調,[]
31533,1371.0,看妳做了什麼好事,關切語調,[]
31556,1372.0,小祥,疑問語調,['person']
31579,1373.0,= 這發展已經無法停止了,悲傷語調,['person']
31602,1374.0,mmmio 這發展已經無法停止了,憤怒語調,"['person', 'chair']"
31625,1375.0,還是先離開舞台,悲傷語調,[]
31648,1376.0,"oblivionis,看向前方",憤怒語調,[]
31671,1377.0,"Oblivionis,看向前方",疑問語調,[]
31694,1378.0,"oblivionis,看向前方",憤怒語調,[]
31717,1379.0,"妳看,妳的頭髮都亂了",平淡語氣,[]
31740,1380.0,妳看; 妳的頭髮都亂了,平淡語氣,['person']
31763,1381.0,"妳看,妳的頭髮都亂了",平淡語氣,[]
31786,1382.0,記得衣領是說: 要整理好吧?,關切語調,['person']
31809,1383.0,記得衣領是說: 要整理好吧?,關切語調,[]
31832,1384.0,記得衣領是說: 要整理好吧?,關切語調,[]
31855,1385.0,記得衣領是說: 要整理好吧?,關切語調,[]
31878,1386.0,妳-,疑問語調,[]
31901,1387.0,妳-,疑問語調,[]
31924,1388.0,妳現在需要的,平淡語氣,[]
31947,1389.0,妳現在需要的,平淡語氣,[]
31970,1390.0, 是完美的儀容舉止與完美的笑容,開心語調,[]
31993,1391.0, 是完美的儀容舉止與完美的笑容,開心語調,[]
32016,1392.0,是完美的儀容舉止與完美的笑容,開心語調,[]
32039,1393.0,是完芙的儀容舉止與完美的笑容,平淡語氣,[]
32085,1395.0,必須向觀眾們展現出最出色的自己,關切語調,[]
32108,1396.0,必須向觀眾們展現出最出色的自己,關切語調,[]
32131,1397.0,必須向觀眾們展現出最出色的自己,關切語調,[]
32154,1398.0,必須向觀眾們展現出最出色的自己,關切語調,[]
32177,1399.0,對吧?,疑問語調,[]
32246,1402.0,0,憤怒語調,[]
32499,1413.0,7=人-沙#y++5夕#-宁+/` 恭之原拓也 八森優香 Shin Joseph,憤怒語調,[]
32522,1414.0,7=人-y=y++刁夕夕-宁+/` 恭之原拓也 八森優香 Soyorin Shin Joseph,憤怒語調,[]
32545,1415.0,了=人-y#y++5夕夕-宁+/y 恭之原拓也 八森優香 Shin Joseph,憤怒語調,['tv']
32568,1416.0,夕-y+1-宁/W夕夕 閱谷丈晴 齋滕大成 心本大軸 金予奘令,憤怒語調,['tv']
32591,1417.0,夕-y+1-宁/W夕夕 閱谷丈晴 齋滕大成 心本大軸 金予奘令,憤怒語調,['tv']
32614,1418.0,"3)=宁 閱谷丈晴 藤大I 齋奉焚茁 金子""合 夕",憤怒語調,[]
32637,1419.0,"人 曰)=宁 閱谷丈晴 藤大I 齋奉焚茁 金子""谷",憤怒語調,[]
32660,1420.0,"加 藤和樹 川 杉震 奈 川瀨巧馬 江 密太陽 齊藤徹哉 高野l璫利 高橋富華 張 毋四雄犬 他d 中四凜土 部i 藤森拓人 1 籌 本斌耶 若狹次胤 伍填棒的表情""毛龍軸",疑問語調,[]
32683,1421.0,加 滕和樹 川 奈 川瀨巧馬 江| 迎僖宏 陽 藤 徹 高野4#}織利 高橋富華 張 杉脅 鄔冊雄犬 並鳩有杰 虫凜土 o卜輝 西留 I!希 藤森拓人 黃 佑 毛龍`輔 山本1郇 若狹次胤 箕棒的表情,憤怒語調,[]
32706,1422.0,加 蹂和楙 川杉杏 川瀨巧馬 河邊 別.林太陽 卉藤徹!懿 鳶野伊織利 高橋富華 張 辰 坪皿雄大 中鳩樊耋 中皿凜土 錦織立輝 西:鄯大 藤森拓人-黃/春 堀 龍輔 拳山逝 5山本;太i 若狹次胤 那妳抒算怎麼辦?,疑問語調,[]
32729,1423.0,加 蹂和楙 川杉杏 川瀨巧馬 河邊言 閉.林太陽 卉藤橄 鳶野伊織利 高橋富華 張  坪皿雉大 $鳩D4 中皿凜土 錦織去輝 西;鄯大 藤森拓人 `黃/春 堀 龍輔 拳山跖己 山4*大 若狹次胤 那妳抒算怎麼辦?,疑問語調,[]
32752,1424.0,"CXS: 7夕+鄉 澤 茜 akko 犬苣草入 新>茆鈾諒 榮莉奈 牛谷琴首 新家弟太- o藝##0"" 豐由瞇弓 伍冊-力地",憤怒語調,['person']
32775,1425.0,-`=y7夕1 exS: 7夕>+鄉冬 米澤 芭 Jakko 犬苣草入 仕蘸純 ^莉奈 牛谷琴音 新家集太 新 升 狩 藝b![ 豐由瞇弓 石冊-力也,憤怒語調,['person']
32798,1426.0,/=y7夕s exS: ;7欠>才:鄉鄉 侏澤 芭 Jakko 犬苣草入 仕_蘸練 挂莉奈 牛谷琴音 新家事太 狩 5藝bl1 豐由瞇弓 石冊-,憤怒語調,"['person', 'person']"
32821,1427.0,壬宁!yy宁+l夕夕_ 菊池璃奈 勝尾優一 枇橋和樹 橫山萇 +簡 和輝 井萌崽 瀨川佑菜 獷I敦土,疑問語調,[]
32844,1428.0,毛宁y)宁+W夕夕_ 非莫 弟池璃奈 勝尾優一 枇橋和樹 橫山萇 6南和輝 萌崽 瀨川佳菜 賣四敦土,疑問語調,[]
32867,1429.0,毛宁y)宁+W夕夕_ 非莫 菊池璃奈 勝尾優一 枇橋和樹 橫山萇 o肉和輝 萌崽 瀨川佳菜 賣四敦土,憤怒語調,[]
32890,1430.0,毛宁y)宁+W夕夕_ 非莫 菊池璃奈 勝尾優一 枇橋和樹 橫山萇 o南和輝 萌崽 瀨川佳菜 虜四敦土,憤怒語調,[]
32913,1431.0,柵 fi日 作西監督 茶之原拓也 旭7口女夕y=` 作西演出/作面監督 大峰誠也 色指完/檢奄 北川 順子,憤怒語調,[]
32936,1432.0,柵 住i日 作西監督 茶之原拓也 旭7口女夕y=` 作酉演出/作酉監督 大峰誠也 色指完/檢奄 北川 順子,憤怒語調,['person']
32959,1433.0,背景制作 前田紗希 竹村糞音 原因加筆 真村 璀 平四浩章 H0 PHUONG CONG TRI THIT旺 色彩殼計 北川順子,關切語調,[]
32982,1434.0,背景制砟 前田紗希 竹村糞音 原因加黛 真村 璀 平四浩章 H0 PHUONG CONG TRI THITH 色彩殼計 北川順子,憤怒語調,[]
33005,1435.0,背景制作 前田紗希 竹村美音 原因加筆 真村 璀 平四浩章 H0 PHUONG CONG TRI THITS 色彩殼計 北 川順子,疑問語調,[]
33051,1437.0,翔子 閉凳 金田肋久 林信吾 小鳩理于 岡四仁之介 2D1夕 池田新助 g神直' 疆遜n# 是初華 70協力 北村浩久,憤怒語調,[]
33074,1438.0,"翔子 開凳 金田閘久 林信吾 小觴理子 岡四仁之介 2D7-夕 池田新助 g神直紀 渡o 怎麼會,那Sumimi呢? 确力 北村浩久",憤怒語調,[]
33097,1439.0,翔子 閃凳 金田閘久 林 信吾 小鳩理子 岡四仁之介 2D9-)2 泄田蹔馳 Ave Muica的陣容忘猛了 齡力 北村浩久,憤怒語調,[]
33120,1440.0,陳器劾果 宇佐莢智庄 ;3)云苹 L 銖音潮整 竹內俊-(才y9-F) 木`5 y綿集 身達 c 久夕3才 7夕``才/`7)847 5*1-宁. 小川 秉 AveMiica的陣容太猛了晉制作 Cloud22 Ima6,憤怒語調,[]
33143,1441.0,槳器劾果 宇佐莢智庄 71:l= 芾 Imag Fuy 錄音制整 竹內伐平(才y9-F) 本`77y綿集 災達嘗 並 川 d風花 音7夕3才 入夕久``太/`7)%47 5木1一宁. -夕 小川真車 左 泚:租正 音嚮制作 Cloud22,憤怒語調,[]
33166,1442.0,樂器劾果 宇佐莢智庄 宁-;!+= Imagic 銖音制整 竹冉伐平(才y9-F) 木~'4<綿集 災達芷 川 d-風花 普7夕J才 7久`才/`7)847 卡1-宁4一久- 小川奐霏 蚩 y租正 音嚮制作 Cloud22,憤怒語調,[]
33189,1443.0,架器劾果 宇佐莢智庄 宁0?;:iv= Imagica FMS 音;整 竹冉伐平(才y9-F) 木?7+^8集 災達賞去 爪d風 花 音7夕J才 7久`才/`7)8/7 卡1-宁/禾一久- 小川真義 卡 暫:nT 音響制作 Cloud22,憤怒語調,[]
33235,1445.0,石 干{,憤怒語調,[]
33258,1446.0,她的祕密在月色下已無所遁形,悲傷語調,['person']
33281,1447.0,她的祕密在月色下已無所遁形,悲傷語調,['person']
33304,1448.0,她的祕密在月色下已無所遁形,悲傷語調,"['chair', 'person', 'person']"
33327,1449.0,"girth ""今夜我們將以真正的樣貌等待大家的光鱸 BG3 TGE Daekgnss@ 習偶們重新取回了火類的模樣",悲傷語調,['person']
33350,1450.0,Boot BC3 1夜我們將以真正飽樣貌等待太家的光餾盅 HUCI Dacklass@ 旦央偶們重新取回了火類的模樣,悲傷語調,[]
33373,1451.0,Boot girth R3 公夜我們將以真正的樣貌等待大家的光醞 HUGE Inekllass@ 旦尖偶們重新取回了火類的模樣,憤怒語調,['person']
33396,1452.0,心&_h.三 枇下由佳 今夜我們將以真正的樣貌等待大家的光醞孝 前川百花 杜木一惠 枋 原楓佳 =火偶們重新取回7人類的模樣 !石真鬼,憤怒語調,"['person', 'person']"
33419,1453.0,小理h二 琳枇=下由 今夜我們將以真正的樣貌等待犬家的光鹽言 前川 百'光 杜木=惠 枋原楓佳 人偶們重新取回了人類的模樣鮆石真鬼,疑問語調,['person']
33442,1454.0,心澤 枇下由佳 還請各位懷抱慈悲及愛之心 #吉千拽于 前川百花 木 惠 枋原楓佳 那會是幸福還是毀滅?,關切語調,[]
33465,1455.0,u田蚤維 西野生雲 還請各位懷抱慈悲及愛之心 井貴登 那會是幸福還是毀滅?..制忙 n式會社4口1卜,關切語調,[]
33488,1456.0,中田蚤維 西野生雲 準備迎接人偶們的到來 非貴登 那會是幸福還是毀滅?..制佗 式公社4口卜,疑問語調,[]
33511,1457.0,u田蚤維 西野生雲 準備迎接火偶們的到來 非貴登 那會是幸福還是毀滅?. >制作 樣式全社4口卜,憤怒語調,[]
33534,1458.0,準備迎接人偶們的到來 命運的齒輪,平淡語氣,[]
33557,1459.0,準備迎接人偶們的到來 命運的齒輪,平淡語氣,[]
33603,1461.0,/1-'3 OBanG Dream! Project,憤怒語調,[]
33626,1462.0,/1-'3 OBanG Dream! Project 已無法停止,憤怒語調,[]
33649,1463.0,/1-'3 OBanG Dream! Project,憤怒語調,[]
33672,1464.0,/1-'3 OBanG Dream! Project,憤怒語調,[]
33994,1478.0,Exitus acta probat. 併2 結果決定一切),憤怒語調,[]
34017,1479.0,Exitus acta probat. (#2 結果決定一切),憤怒語調,[]
34040,1480.0,Exitus acta probat. (#2 結果決定一切),憤怒語調,[]
